{"query": "sum( rate( kepler_node_package_joules_total{ job=\"metal\", }[20s] ) )", "metric": {}, "timestamps": [1731601226, 1731601229, 1731601232, 1731601235, 1731601238, 1731601241, 1731601244, 1731601247, 1731601250, 1731601253, 1731601256, 1731601259, 1731601262, 1731601265, 1731601268, 1731601271, 1731601274, 1731601277, 1731601280, 1731601283, 1731601286, 1731601289, 1731601292, 1731601295, 1731601298, 1731601301, 1731601304, 1731601307, 1731601310, 1731601313, 1731601316, 1731601319, 1731601322, 1731601325, 1731601328, 1731601331, 1731601334, 1731601337, 1731601340, 1731601343, 1731601346, 1731601349, 1731601352, 1731601355, 1731601358, 1731601361, 1731601364, 1731601367, 1731601370, 1731601373, 1731601376, 1731601379, 1731601382, 1731601385, 1731601388, 1731601391, 1731601394, 1731601397, 1731601400, 1731601403, 1731601406, 1731601409, 1731601412, 1731601415, 1731601418, 1731601421, 1731601424, 1731601427, 1731601430], "values": [33.20699999999973, 32.6375555555561, 28.78427777777769, 26.15172222222221, 23.233388888888943, 22.32022222222198, 20.932722222222463, 20.148499999999736, 22.317666666667115, 24.6649444444443, 27.082611111110765, 28.97816666666687, 32.605111111111505, 36.24100000000019, 39.25683333333291, 41.73477777777751, 44.47722222222284, 46.289388888889036, 47.858222222221634, 51.05111111111102, 54.82811111111126, 59.27594444444468, 63.30961111111053, 67.24977777777774, 70.1952222222228, 72.00261111111064, 74.2032222222228, 76.42511111111122, 78.73688888888945, 81.18938888888887, 83.14905555555501, 84.46016666666725, 85.34849999999926, 86.02611111111118, 86.68261111111093, 87.33061111111117, 87.88827777777786, 88.51083333333293, 89.25105555555558, 87.71361111111118, 86.26350000000014, 84.69199999999951, 83.31155555555597, 81.84255555555542, 79.79233333333347, 79.86644444444472, 79.87705555555537, 80.02694444444448, 78.27566666666665, 76.13666666666703, 74.09205555555592, 72.72966666666616, 71.2715555555551, 69.97900000000017, 69.83438888888891, 66.52205555555541, 63.05938888888907, 59.075888888889395, 55.38338888888959, 51.418000000000276, 48.07944444444406, 48.25144444444434, 44.626944444443836, 41.654999999999646, 38.604777777777706, 35.72916666666667, 33.032944444444894, 32.66533333333387, 32.954000000000335]}