{"query": "sum( rate( kepler_vm_package_joules_total{ job=\"metal\", vm_id=~\".*my-vm\", }[20s] ) )", "metric": {}, "timestamps": [1731601226, 1731601229, 1731601232, 1731601235, 1731601238, 1731601241, 1731601244, 1731601247, 1731601250, 1731601253, 1731601256, 1731601259, 1731601262, 1731601265, 1731601268, 1731601271, 1731601274, 1731601277, 1731601280, 1731601283, 1731601286, 1731601289, 1731601292, 1731601295, 1731601298, 1731601301, 1731601304, 1731601307, 1731601310, 1731601313, 1731601316, 1731601319, 1731601322, 1731601325, 1731601328, 1731601331, 1731601334, 1731601337, 1731601340, 1731601343, 1731601346, 1731601349, 1731601352, 1731601355, 1731601358, 1731601361, 1731601364, 1731601367, 1731601370, 1731601373, 1731601376, 1731601379, 1731601382, 1731601385, 1731601388, 1731601391, 1731601394, 1731601397, 1731601400, 1731601403, 1731601406, 1731601409, 1731601412, 1731601415, 1731601418, 1731601421, 1731601424, 1731601427, 1731601430], "values": [13.930166666666791, 9.193833333333412, 6.151499999999942, 3.850666666666156, 4.266166666666525, 7.664000000000265, 11.364333333333587, 14.913000000000467, 18.228333333333367, 21.94950000000002, 25.82566666666632, 27.56466666666691, 30.923333333333076, 34.57983333333282, 37.61466666666659, 40.155499999999954, 42.973833333333864, 45.28566666666626, 47.19899999999972, 50.38716666666652, 54.22166666666615, 58.69300000000011, 62.75000000000001, 66.69333333333392, 69.64016666666673, 71.3730000000004, 71.19550000000002, 73.4340000000003, 75.7501666666665, 78.23516666666627, 80.21066666666674, 81.39949999999953, 84.40950000000078, 85.10966666666678, 85.6818333333334, 86.34350000000026, 86.91383333333377, 87.81816666666742, 88.7471666666663, 87.20583333333343, 85.8733333333334, 84.29466666666607, 82.90533333333265, 81.41016666666596, 79.44249999999981, 79.3778333333329, 79.3714999999995, 79.52050000000034, 77.75600000000041, 75.5568333333334, 73.4971666666671, 72.05166666666709, 70.53433333333346, 69.21983333333306, 69.07249999999962, 65.80500000000029, 62.21283333333284, 58.39116666666653, 54.70083333333363, 50.70800000000034, 47.33666666666735, 47.45800000000034, 43.8756666666668, 40.84649999999965, 37.59749999999945, 34.65649999999975, 31.515333333333224, 26.716833333332843, 26.93966666666691]}