{"query": "sum( rate( kepler_vm_bpf_cpu_time_ms_total{ vm_id=~\".*my-vm\", job=\"metal\" }[20s] ) )", "metric": {}, "timestamps": [1731601226, 1731601229, 1731601232, 1731601235, 1731601238, 1731601241, 1731601244, 1731601247, 1731601250, 1731601253, 1731601256, 1731601259, 1731601262, 1731601265, 1731601268, 1731601271, 1731601274, 1731601277, 1731601280, 1731601283, 1731601286, 1731601289, 1731601292, 1731601295, 1731601298, 1731601301, 1731601304, 1731601307, 1731601310, 1731601313, 1731601316, 1731601319, 1731601322, 1731601325, 1731601328, 1731601331, 1731601334, 1731601337, 1731601340, 1731601343, 1731601346, 1731601349, 1731601352, 1731601355, 1731601358, 1731601361, 1731601364, 1731601367, 1731601370, 1731601373, 1731601376, 1731601379, 1731601382, 1731601385, 1731601388, 1731601391, 1731601394, 1731601397, 1731601400, 1731601403, 1731601406, 1731601409, 1731601412, 1731601415, 1731601418, 1731601421, 1731601424, 1731601427, 1731601430], "values": [556.2222222222223, 384.44444444444446, 203.83333333333334, 75.8888888888889, 67.22222222222223, 278.6666666666667, 520.3333333333334, 729.5555555555557, 969.4444444444445, 1199.388888888889, 1426.388888888889, 1533.8333333333335, 1875.7777777777778, 2233.944444444445, 2579.2222222222226, 2932.5, 3294.0000000000005, 3565.8333333333335, 3842.777777777778, 4430.111111111111, 5019.666666666667, 5605.777777777778, 6194.944444444445, 6785.611111111111, 7106.333333333334, 7543.333333333334, 8138.833333333334, 8739.944444444445, 9323.888888888889, 9920.388888888889, 10496.38888888889, 10553.0, 10577.944444444445, 11557.38888888889, 11054.666666666668, 11690.722222222223, 12312.833333333334, 13475.166666666668, 12530.166666666668, 12480.333333333334, 13717.833333333334, 14335.166666666668, 13729.500000000002, 12659.666666666668, 13577.833333333334, 12642.444444444445, 11911.611111111111, 10645.611111111111, 10395.833333333334, 9792.722222222223, 9201.5, 8607.111111111111, 8020.777777777778, 7444.500000000001, 7096.611111111111, 6662.722222222223, 6076.222222222223, 5485.444444444445, 4890.277777777778, 4289.166666666667, 3700.166666666667, 3565.777777777778, 3184.388888888889, 2838.777777777778, 2485.722222222222, 2132.5, 1776.0000000000002, 1419.388888888889, 1352.6111111111113]}