{"query": "sum( rate( kepler_vm_platform_joules_total{ job=\"metal\", vm_id=~\".*my-vm\", }[20s] ) )", "metric": {}, "timestamps": [1731601226, 1731601229, 1731601232, 1731601235, 1731601238, 1731601241, 1731601244, 1731601247, 1731601250, 1731601253, 1731601256, 1731601259, 1731601262, 1731601265, 1731601268, 1731601271, 1731601274, 1731601277, 1731601280, 1731601283, 1731601286, 1731601289, 1731601292, 1731601295, 1731601298, 1731601301, 1731601304, 1731601307, 1731601310, 1731601313, 1731601316, 1731601319, 1731601322, 1731601325, 1731601328, 1731601331, 1731601334, 1731601337, 1731601340, 1731601343, 1731601346, 1731601349, 1731601352, 1731601355, 1731601358, 1731601361, 1731601364, 1731601367, 1731601370, 1731601373, 1731601376, 1731601379, 1731601382, 1731601385, 1731601388, 1731601391, 1731601394, 1731601397, 1731601400, 1731601403, 1731601406, 1731601409, 1731601412, 1731601415, 1731601418, 1731601421, 1731601424, 1731601427, 1731601430], "values": [1746005.592499998, 1145665.5323333212, 1018823.7516666519, 852731.9054999882, 1045647.3141666519, 1655530.616500007, 2309504.6786666447, 2925136.709333314, 3263951.0706666843, 3661064.2810000316, 4089439.0388333537, 4095828.9906666544, 4084144.233999994, 4097492.4356666673, 4108314.722999997, 4122560.2861666684, 4138697.299833351, 4201953.072833327, 4235091.113666694, 4238090.949666659, 4245741.86883333, 4251045.330333339, 4255747.112499979, 4259117.306000021, 4260767.65049998, 4257803.412166702, 4134625.3793333373, 4136272.761333307, 4137301.979333348, 4139998.4258333314, 4141471.99333334, 4136351.118166659, 4248000.066666656, 4249249.401666694, 4245324.5, 4246137.5541666355, 4246873.4653333565, 4261207.452499973, 4270790.73616669, 4270327.512999958, 4275807.820833312, 4275113.4790000385, 4274364.6536666555, 4272710.763333374, 4276109.371333335, 4268666.563166671, 4267763.421333313, 4267754.477666643, 4266430.7539999755, 4261847.375333309, 4260271.993500021, 4254154.020666652, 4250174.296833357, 4248521.448000007, 4248296.904500008, 4248824.267833339, 4234749.424666617, 4241165.751333343, 4238103.754833328, 4233274.678500017, 4228360.814333334, 4224023.393000021, 4214746.384500027, 4200755.690333366, 4166749.157999993, 4152430.877999995, 4089324.735000028, 3675548.711833265, 3666838.967499998]}