{"query": "sum( rate( node_rapl_package_joules_total[20s] ) )", "metric": {}, "timestamps": [1731601226, 1731601229, 1731601232, 1731601235, 1731601238, 1731601241, 1731601244, 1731601247, 1731601250, 1731601253, 1731601256, 1731601259, 1731601262, 1731601265, 1731601268, 1731601271, 1731601274, 1731601277, 1731601280, 1731601283, 1731601286, 1731601289, 1731601292, 1731601295, 1731601298, 1731601301, 1731601304, 1731601307, 1731601310, 1731601313, 1731601316, 1731601319, 1731601322, 1731601325, 1731601328, 1731601331, 1731601334, 1731601337, 1731601340, 1731601343, 1731601346, 1731601349, 1731601352, 1731601355, 1731601358, 1731601361, 1731601364, 1731601367, 1731601370, 1731601373, 1731601376, 1731601379, 1731601382, 1731601385, 1731601388, 1731601391, 1731601394, 1731601397, 1731601400, 1731601403, 1731601406, 1731601409, 1731601412, 1731601415, 1731601418, 1731601421, 1731601424, 1731601427, 1731601430], "values": [33.36832616666572, 29.98674305555566, 26.739464000000027, 24.124453333332593, 22.72788438888933, 21.28411838888941, 19.86254883333297, 21.62341533333367, 23.846696666666606, 26.34365544444558, 27.97124866666531, 31.60195972222169, 35.07962550000068, 38.380747555554585, 41.084760777778385, 43.66015977777715, 46.09517822222228, 46.93661350000023, 50.119595555556266, 53.77309299999939, 58.000295722221686, 62.06667122222199, 66.17550672222247, 69.63937522222275, 71.2985506666656, 73.436579611112, 75.76099922222299, 78.0929566666665, 80.49396505555585, 82.68304299999889, 84.27882338888918, 85.10538649999944, 85.81647138888852, 86.4753984444445, 87.12357661111068, 87.74262405555541, 88.28006438888973, 89.2210545555556, 88.14244405555495, 86.70102455555592, 85.23166455555636, 83.73846700000125, 82.27991361111022, 80.27278777777813, 79.85849238888963, 79.8762671111116, 79.88323527777781, 79.31885483333221, 76.714281166666, 74.710902222222, 72.99375372222211, 71.70431811111081, 70.42834416666625, 69.27012705555535, 67.81659883333487, 64.06614055555515, 60.40129733333339, 56.49409094444451, 52.59150627777854, 49.11845200000001, 48.065530444443645, 45.78629022222271, 42.49183455555532, 39.515106777776964, 36.542685277777814, 33.896268722222885, 32.52961372222247, 33.330437000000124, 31.26063844444515]}