{"query": "sum( rate( kepler_process_bpf_cpu_time_ms_total{ job=\"vm\", }[20s] ) )", "metric": {}, "timestamps": [1731601226, 1731601229, 1731601232, 1731601235, 1731601238, 1731601241, 1731601244, 1731601247, 1731601250, 1731601253, 1731601256, 1731601259, 1731601262, 1731601265, 1731601268, 1731601271, 1731601274, 1731601277, 1731601280, 1731601283, 1731601286, 1731601289, 1731601292, 1731601295, 1731601298, 1731601301, 1731601304, 1731601307, 1731601310, 1731601313, 1731601316, 1731601319, 1731601322, 1731601325, 1731601328, 1731601331, 1731601334, 1731601337, 1731601340, 1731601343, 1731601346, 1731601349, 1731601352, 1731601355, 1731601358, 1731601361, 1731601364, 1731601367, 1731601370, 1731601373, 1731601376, 1731601379, 1731601382, 1731601385, 1731601388, 1731601391, 1731601394, 1731601397, 1731601400, 1731601403, 1731601406, 1731601409, 1731601412, 1731601415, 1731601418, 1731601421, 1731601424, 1731601427, 1731601430], "values": [1263.8539527777777, 1122.540763888889, 1020.9867500000001, 1005.3434861111111, 997.286138888889, 976.6962638888889, 1329.5003472222222, 1472.8817500000002, 1593.0670972222222, 1706.402340277778, 1914.4528, 1830.8333333333335, 2442.045922222222, 2705.2534097222224, 2986.356861111111, 3281.117263888889, 3571.7615, 3742.3333333333335, 3475.3337277777778, 5060.062454166667, 5562.9398125, 6067.997097222222, 6545.516034722222, 6997.412688888889, 7214.611111111111, 6275.38888888889, 8467.830244444445, 8950.328229166667, 9425.019499999999, 9864.522236111112, 10602.780794444445, 10557.333333333334, 11883.740755555556, 12211.562180555555, 12300.720749999999, 12460.173402777778, 12613.269727777779, 12321.469972222223, 12020.722222222223, 11756.166666666668, 11758.27777777778, 11761.722222222223, 12470.609133333333, 12084.205520833333, 12168.44075, 12089.65092361111, 11984.270161111112, 10711.847208333334, 9981.055555555557, 10390.35316111111, 9830.052972222222, 9269.888666666666, 8679.277791666667, 7962.794172222222, 7224.666666666667, 6364.444444444445, 6319.806194444444, 5768.827701388889, 5214.751138888889, 4620.557097222222, 4001.707288888889, 3712.6111111111113, 3528.9137, 3259.9881041666663, 2950.171111111111, 2656.3752430555555, 2356.1784666666667, 1790.9444444444446, 1709.5000000000002]}