{"query": "sum( rate( kepler_node_package_joules_total{ job=\"metal\", }[20s] ) )", "metric": {}, "timestamps": [1731600959, 1731600962, 1731600965, 1731600968, 1731600971, 1731600974, 1731600977, 1731600980, 1731600983, 1731600986, 1731600989, 1731600992, 1731600995, 1731600998, 1731601001, 1731601004, 1731601007, 1731601010, 1731601013, 1731601016, 1731601019, 1731601022, 1731601025, 1731601028, 1731601031, 1731601034, 1731601037, 1731601040, 1731601043, 1731601046, 1731601049, 1731601052, 1731601055, 1731601058, 1731601061, 1731601064, 1731601067, 1731601070, 1731601073, 1731601076, 1731601079, 1731601082, 1731601085, 1731601088, 1731601091, 1731601094, 1731601097, 1731601100, 1731601103, 1731601106, 1731601109, 1731601112, 1731601115, 1731601118, 1731601121, 1731601124, 1731601127, 1731601130, 1731601133, 1731601136, 1731601139, 1731601142, 1731601145, 1731601148, 1731601151, 1731601154, 1731601157, 1731601160, 1731601163], "values": [33.34166666666635, 32.8305555555554, 29.817944444444343, 27.11566666666719, 24.213666666666946, 23.54344444444481, 21.93850000000061, 21.295777777778213, 23.695277777778557, 26.20355555555499, 28.81738888888827, 29.613888888889054, 31.60122222222223, 34.33661111111077, 36.69327777777734, 39.1002777777782, 41.97905555555594, 44.95127777777736, 47.33661111111077, 51.11988888888866, 55.99438888888916, 60.29755555555555, 64.19444444444444, 68.92249999999977, 72.08783333333365, 73.95166666666692, 75.93655555555516, 78.37155555555526, 80.81261111111074, 82.48277777777791, 84.29166666666667, 85.58772222222211, 86.14027777777827, 88.42588888888875, 88.18733333333351, 88.28055555555572, 88.67083333333318, 88.76449999999993, 88.51777777777737, 85.54927777777792, 84.74277777777752, 83.4122777777779, 82.38277777777775, 81.28338888888943, 80.1009444444442, 79.85150000000027, 79.86050000000009, 80.03249999999956, 78.42094444444471, 76.1239999999994, 74.78055555555572, 73.62105555555577, 72.19711111111165, 70.40933333333346, 70.28894444444369, 67.02944444444438, 62.32105555555609, 57.995722222221964, 53.75383333333351, 50.0795555555556, 46.206444444444465, 46.49111111111173, 43.76249999999952, 41.06072222222186, 38.469666666666555, 35.78983333333357, 33.11500000000039, 30.25494444444404, 29.89094444444426]}