{"query": "sum( rate( kepler_vm_bpf_cpu_time_ms_total{ vm_id=~\".*my-vm\", job=\"metal\" }[20s] ) )", "metric": {}, "timestamps": [1731600959, 1731600962, 1731600965, 1731600968, 1731600971, 1731600974, 1731600977, 1731600980, 1731600983, 1731600986, 1731600989, 1731600992, 1731600995, 1731600998, 1731601001, 1731601004, 1731601007, 1731601010, 1731601013, 1731601016, 1731601019, 1731601022, 1731601025, 1731601028, 1731601031, 1731601034, 1731601037, 1731601040, 1731601043, 1731601046, 1731601049, 1731601052, 1731601055, 1731601058, 1731601061, 1731601064, 1731601067, 1731601070, 1731601073, 1731601076, 1731601079, 1731601082, 1731601085, 1731601088, 1731601091, 1731601094, 1731601097, 1731601100, 1731601103, 1731601106, 1731601109, 1731601112, 1731601115, 1731601118, 1731601121, 1731601124, 1731601127, 1731601130, 1731601133, 1731601136, 1731601139, 1731601142, 1731601145, 1731601148, 1731601151, 1731601154, 1731601157, 1731601160, 1731601163], "values": [483.0555555555556, 326.3888888888889, 141.22222222222223, 67.61111111111111, 67.94444444444444, 308.33333333333337, 538.9444444444445, 747.9444444444445, 970.2777777777778, 1207.5, 1439.888888888889, 1460.7222222222224, 1829.1666666666667, 2180.6111111111113, 2535.666666666667, 2879.944444444445, 3239.2222222222226, 3566.8333333333335, 3843.777777777778, 4439.777777777778, 5038.611111111111, 5621.88888888889, 6220.5, 6809.111111111111, 7112.88888888889, 7547.722222222223, 8132.277777777778, 8739.722222222223, 9320.333333333334, 9915.944444444445, 10494.333333333334, 10462.88888888889, 9788.888888888889, 10810.222222222223, 11821.666666666668, 11016.944444444445, 11774.5, 13149.166666666668, 14859.444444444445, 12860.055555555557, 13772.77777777778, 15501.555555555557, 14745.166666666668, 13560.055555555557, 12526.38888888889, 13496.77777777778, 11575.666666666668, 10645.222222222223, 10388.833333333334, 9807.055555555557, 9217.388888888889, 8626.0, 8026.555555555557, 7447.777777777778, 7117.111111111111, 6667.055555555556, 6080.333333333334, 5494.277777777778, 4903.444444444444, 4303.611111111111, 3722.8333333333335, 3573.8333333333335, 3193.7222222222226, 2841.5, 2487.6111111111113, 2140.3333333333335, 1780.2222222222224, 1428.3333333333335, 1369.0]}