{"query": "sum( rate( kepler_vm_platform_joules_total{ job=\"metal\", vm_id=~\".*my-vm\", }[20s] ) )", "metric": {}, "timestamps": [1731600959, 1731600962, 1731600965, 1731600968, 1731600971, 1731600974, 1731600977, 1731600980, 1731600983, 1731600986, 1731600989, 1731600992, 1731600995, 1731600998, 1731601001, 1731601004, 1731601007, 1731601010, 1731601013, 1731601016, 1731601019, 1731601022, 1731601025, 1731601028, 1731601031, 1731601034, 1731601037, 1731601040, 1731601043, 1731601046, 1731601049, 1731601052, 1731601055, 1731601058, 1731601061, 1731601064, 1731601067, 1731601070, 1731601073, 1731601076, 1731601079, 1731601082, 1731601085, 1731601088, 1731601091, 1731601094, 1731601097, 1731601100, 1731601103, 1731601106, 1731601109, 1731601112, 1731601115, 1731601118, 1731601121, 1731601124, 1731601127, 1731601130, 1731601133, 1731601136, 1731601139, 1731601142, 1731601145, 1731601148, 1731601151, 1731601154, 1731601157, 1731601160, 1731601163], "values": [1707817.0716666647, 1189022.7811667125, 929981.1169999971, 841813.0101666981, 1117226.3641666838, 1782317.3571667143, 2451356.2806666694, 3045955.281499969, 3311640.7928333282, 3751553.1158333356, 4123496.120666663, 4125911.9436666174, 4140630.3971666764, 4153225.4294999973, 4155829.426999993, 4169800.370499982, 4200402.811833329, 4212619.4645000035, 4211325.084000005, 4223979.841833327, 4228173.434000015, 4230307.791166677, 4237581.988666694, 4242360.9729999965, 4246904.934333324, 4245335.565833357, 4260825.234666666, 4265028.606166681, 4266528.516000006, 4267713.625166682, 4270697.432666673, 4273621.907999992, 4270594.311499967, 4270119.470666621, 4208353.949833288, 4205350.635500007, 4206382.332499981, 4208231.586999999, 4212558.827000036, 4209100.982333343, 4265527.621000025, 4261461.566666656, 4260565.82333337, 4259486.241666689, 4258324.7161666555, 4262309.5325000025, 4267676.325833321, 4275176.919500033, 4270632.574499979, 4268228.992333307, 4266590.52549998, 4264803.121166706, 4263144.057666673, 4261537.868666649, 4250957.97533332, 4242539.387000031, 4237949.433000035, 4233112.276333332, 4226785.195166694, 4221918.121166653, 4209842.562333372, 4197172.232333289, 4180241.081500001, 4150579.729166667, 4137048.795499961, 4118463.06766669, 4125115.5388333006, 4128632.3195000226, 4120004.1198333106]}