{"query": "sum( rate( kepler_vm_package_joules_total{ job=\"metal\", vm_id=~\".*my-vm\", }[20s] ) )", "metric": {}, "timestamps": [1731600959, 1731600962, 1731600965, 1731600968, 1731600971, 1731600974, 1731600977, 1731600980, 1731600983, 1731600986, 1731600989, 1731600992, 1731600995, 1731600998, 1731601001, 1731601004, 1731601007, 1731601010, 1731601013, 1731601016, 1731601019, 1731601022, 1731601025, 1731601028, 1731601031, 1731601034, 1731601037, 1731601040, 1731601043, 1731601046, 1731601049, 1731601052, 1731601055, 1731601058, 1731601061, 1731601064, 1731601067, 1731601070, 1731601073, 1731601076, 1731601079, 1731601082, 1731601085, 1731601088, 1731601091, 1731601094, 1731601097, 1731601100, 1731601103, 1731601106, 1731601109, 1731601112, 1731601115, 1731601118, 1731601121, 1731601124, 1731601127, 1731601130, 1731601133, 1731601136, 1731601139, 1731601142, 1731601145, 1731601148, 1731601151, 1731601154, 1731601157, 1731601160, 1731601163], "values": [13.367333333332985, 9.095666666667158, 5.287999999999657, 3.683833333333799, 4.552000000000084, 8.447000000000116, 12.821166666666816, 16.602833333333063, 19.8713333333338, 23.88883333333312, 27.659833333332955, 28.44616666666601, 30.50400000000001, 33.25283333333371, 35.551499999999784, 38.02533333333365, 41.07500000000033, 44.092333333333954, 46.42899999999969, 50.314999999999905, 55.10333333333337, 59.38333333333301, 63.33516666666644, 68.08400000000015, 71.27866666666685, 73.10016666666667, 75.33966666666674, 77.83250000000004, 80.28699999999986, 81.96933333333276, 83.82066666666651, 85.16283333333317, 85.65033333333365, 87.91416666666677, 86.45833333333334, 86.4903333333334, 86.89950000000034, 87.02999999999965, 86.8731666666661, 83.85516666666648, 84.17149999999998, 82.77883333333335, 81.73600000000039, 80.6196666666672, 79.41916666666657, 79.24633333333381, 79.35516666666727, 79.66416666666677, 77.98499999999977, 75.66116666666656, 74.29649999999998, 73.11199999999938, 71.66716666666616, 69.86183333333369, 69.56966666666672, 66.24399999999959, 61.52166666666664, 57.17450000000019, 52.89466666666704, 49.19233333333331, 45.28683333333336, 45.42350000000039, 42.6241666666667, 39.7475000000001, 37.101666666666766, 34.324166666666216, 31.811333333332897, 29.083166666666838, 28.6823333333337]}