{"query": "sum( rate( node_rapl_package_joules_total[20s] ) )", "metric": {}, "timestamps": [1731600959, 1731600962, 1731600965, 1731600968, 1731600971, 1731600974, 1731600977, 1731600980, 1731600983, 1731600986, 1731600989, 1731600992, 1731600995, 1731600998, 1731601001, 1731601004, 1731601007, 1731601010, 1731601013, 1731601016, 1731601019, 1731601022, 1731601025, 1731601028, 1731601031, 1731601034, 1731601037, 1731601040, 1731601043, 1731601046, 1731601049, 1731601052, 1731601055, 1731601058, 1731601061, 1731601064, 1731601067, 1731601070, 1731601073, 1731601076, 1731601079, 1731601082, 1731601085, 1731601088, 1731601091, 1731601094, 1731601097, 1731601100, 1731601103, 1731601106, 1731601109, 1731601112, 1731601115, 1731601118, 1731601121, 1731601124, 1731601127, 1731601130, 1731601133, 1731601136, 1731601139, 1731601142, 1731601145, 1731601148, 1731601151, 1731601154, 1731601157, 1731601160, 1731601163], "values": [33.74762138888926, 30.714029277777527, 27.983662500000115, 25.07711477777775, 23.752499277777844, 22.905781055554854, 20.737797499999743, 22.921955333333045, 25.40374355555509, 28.027499166666534, 29.593250333333952, 30.863205611111578, 33.38721311111133, 36.017628333333256, 38.408701611111205, 41.16225155555569, 44.11808166666662, 46.33780255555515, 50.002838999999874, 54.44623111111125, 59.08989594444413, 62.78900011111142, 67.47195794444431, 71.61358955555625, 73.16590627777785, 75.45102955555599, 77.54836511111111, 80.30727255555556, 81.82804777777751, 83.78765783333317, 85.54253616666635, 86.00805005555515, 88.16389444444455, 88.13699155555514, 88.32882794444434, 88.5535995555555, 88.7094693333331, 88.559503, 86.12718699999985, 85.10050711111157, 83.92129733333343, 82.71067488888852, 81.60099416666668, 80.46087733333358, 79.85399616666676, 79.87665711111106, 79.87070955555586, 79.36959183333319, 76.67316733333428, 75.10087516666681, 74.03692322222277, 72.65585372222186, 70.95288572222248, 69.91485333333388, 68.3884662777774, 63.72036366666564, 59.10719594444446, 54.92064255555549, 51.231090388888134, 47.05009449999974, 46.26658822222251, 44.52259788889044, 41.93365594444428, 39.316461611110654, 36.50644066666751, 34.09343555555582, 30.98219333333287, 30.62247344444364, 28.075893166665793]}