{"query": "sum( rate( kepler_node_package_joules_total{ job=\"vm\", }[20s] ) )", "metric": {}, "timestamps": [1731600959, 1731600962, 1731600965, 1731600968, 1731600971, 1731600974, 1731600977, 1731600980, 1731600983, 1731600986, 1731600989, 1731600992, 1731600995, 1731600998, 1731601001, 1731601004, 1731601007, 1731601010, 1731601013, 1731601016, 1731601019, 1731601022, 1731601025, 1731601028, 1731601031, 1731601034, 1731601037, 1731601040, 1731601043, 1731601046, 1731601049, 1731601052, 1731601055, 1731601058, 1731601061, 1731601064, 1731601067, 1731601070, 1731601073, 1731601076, 1731601079, 1731601082, 1731601085, 1731601088, 1731601091, 1731601094, 1731601097, 1731601100, 1731601103, 1731601106, 1731601109, 1731601112, 1731601115, 1731601118, 1731601121, 1731601124, 1731601127, 1731601130, 1731601133, 1731601136, 1731601139, 1731601142, 1731601145, 1731601148, 1731601151, 1731601154, 1731601157, 1731601160, 1731601163], "values": [29.325999999999997, 28.947000000000006, 28.046500000000005, 27.55, 27.53133333333334, 28.331000000000007, 29.24583333333334, 30.179999999999996, 31.04833333333333, 31.782833333333343, 32.59883333333334, 32.593, 34.1785, 36.00633333333335, 37.88950000000001, 39.89466666666666, 41.8275, 43.796, 44.37616666666667, 48.061833333333325, 51.61666666666667, 55.16450000000002, 58.75633333333334, 62.3095, 65.5815, 66.75383333333333, 70.3355, 73.91183333333333, 77.47500000000001, 80.98966666666666, 84.45416666666668, 86.78733333333332, 88.62783333333336, 89.26799999999999, 90.74416666666664, 91.67250000000003, 93.53016666666666, 94.721, 94.04100000000003, 94.49966666666671, 93.92700000000004, 94.70100000000002, 93.67966666666669, 92.39000000000003, 91.23433333333332, 90.20450000000004, 89.33066666666663, 87.67533333333328, 86.8701666666667, 83.25866666666661, 79.65633333333335, 76.10849999999998, 72.45383333333334, 68.88616666666672, 65.35899999999998, 64.26383333333342, 60.71899999999995, 57.078333333333326, 53.5615, 50.07316666666662, 46.65116666666665, 44.27666666666664, 43.20483333333333, 41.32050000000002, 39.381000000000014, 37.344666666666654, 35.23866666666668, 33.26966666666663, 32.38983333333333]}