{"query": "sum( rate( kepler_process_bpf_cpu_time_ms_total{ job=\"vm\", }[20s] ) )", "metric": {}, "timestamps": [1731600959, 1731600962, 1731600965, 1731600968, 1731600971, 1731600974, 1731600977, 1731600980, 1731600983, 1731600986, 1731600989, 1731600992, 1731600995, 1731600998, 1731601001, 1731601004, 1731601007, 1731601010, 1731601013, 1731601016, 1731601019, 1731601022, 1731601025, 1731601028, 1731601031, 1731601034, 1731601037, 1731601040, 1731601043, 1731601046, 1731601049, 1731601052, 1731601055, 1731601058, 1731601061, 1731601064, 1731601067, 1731601070, 1731601073, 1731601076, 1731601079, 1731601082, 1731601085, 1731601088, 1731601091, 1731601094, 1731601097, 1731601100, 1731601103, 1731601106, 1731601109, 1731601112, 1731601115, 1731601118, 1731601121, 1731601124, 1731601127, 1731601130, 1731601133, 1731601136, 1731601139, 1731601142, 1731601145, 1731601148, 1731601151, 1731601154, 1731601157, 1731601160, 1731601163], "values": [1168.3397916666668, 1152.6647916666668, 1100.8595555555557, 1000.313138888889, 997.2524166666667, 980.6004444444445, 1304.994013888889, 1444.764013888889, 1570.0524236111112, 1669.1005569444444, 1821.447825, 1832.7222222222224, 1632.3333333333335, 2412.732811111111, 2686.328569444445, 2973.6898888888886, 3237.4661805555556, 3635.7326222222223, 3668.278566666667, 4866.306008333333, 5384.793729166667, 5904.414027777778, 6431.297972222223, 6939.719061111111, 7235.528736111111, 6755.222222222223, 8719.689116666666, 9233.189055555555, 9738.158277777777, 10216.054805555556, 10599.245766666667, 10728.888888888889, 9426.388888888889, 11216.722483333333, 11465.906166666668, 11533.963916666666, 11723.325208333334, 12065.511199999999, 11919.665083333333, 11994.942861111113, 11900.944444444445, 12028.0, 10625.222222222223, 11983.697416666666, 11783.560409722222, 11580.53261111111, 11351.462659722221, 11059.602094444444, 10698.222222222223, 10677.701866666666, 10148.106791666667, 9623.766694444445, 9078.491847222222, 8537.216638888889, 7152.419, 6815.944444444445, 6692.051938888889, 6145.4582083333335, 5609.981805555555, 5059.484222222222, 4442.019566666667, 3750.666666666667, 3408.2777777777783, 3301.0829944444445, 3002.829333333333, 2686.5451666666663, 2341.563076388889, 2006.2679833333334, 1799.3333333333335]}