{"query": "sum( rate( kepler_node_core_joules_total{ job=\"vm\", }[20s] ) )", "metric": {}, "timestamps": [1731600959, 1731600962, 1731600965, 1731600968, 1731600971, 1731600974, 1731600977, 1731600980, 1731600983, 1731600986, 1731600989, 1731600992, 1731600995, 1731600998, 1731601001, 1731601004, 1731601007, 1731601010, 1731601013, 1731601016, 1731601019, 1731601022, 1731601025, 1731601028, 1731601031, 1731601034, 1731601037, 1731601040, 1731601043, 1731601046, 1731601049, 1731601052, 1731601055, 1731601058, 1731601061, 1731601064, 1731601067, 1731601070, 1731601073, 1731601076, 1731601079, 1731601082, 1731601085, 1731601088, 1731601091, 1731601094, 1731601097, 1731601100, 1731601103, 1731601106, 1731601109, 1731601112, 1731601115, 1731601118, 1731601121, 1731601124, 1731601127, 1731601130, 1731601133, 1731601136, 1731601139, 1731601142, 1731601145, 1731601148, 1731601151, 1731601154, 1731601157, 1731601160, 1731601163], "values": [27.74683333333334, 27.365000000000002, 26.4575, 25.95716666666667, 25.938500000000005, 26.744333333333337, 27.666, 28.607166666666675, 29.482166666666668, 30.22216666666667, 31.044333333333334, 31.038500000000003, 32.63616666666667, 34.47783333333333, 36.37516666666668, 38.39566666666666, 40.343, 42.32633333333335, 42.91083333333332, 46.62450000000001, 50.206500000000005, 53.78116666666668, 57.40033333333334, 60.9805, 64.27733333333335, 65.45849999999999, 69.06733333333334, 72.67083333333333, 76.26099999999997, 79.80233333333331, 83.29316666666668, 85.64400000000003, 87.49833333333335, 88.14350000000003, 89.63100000000001, 90.56650000000002, 92.43833333333336, 93.63833333333332, 92.95333333333333, 93.41533333333332, 92.83833333333335, 93.6181666666667, 92.58899999999994, 91.28949999999998, 90.125, 89.08733333333335, 88.20683333333339, 86.53899999999997, 85.72766666666666, 82.08883333333335, 78.45916666666663, 74.88433333333332, 71.20183333333333, 67.60700000000007, 64.05316666666668, 62.94966666666672, 59.37800000000001, 55.70983333333334, 52.16633333333327, 48.65149999999994, 45.20350000000003, 42.811, 41.73099999999997, 39.83233333333334, 37.87800000000001, 35.82616666666672, 33.70416666666663, 31.720166666666653, 30.833500000000036]}