{"query": "sum( rate( kepler_node_package_joules_total{ job=\"metal\", }[20s] ) )", "metric": {}, "timestamps": [1731601496, 1731601499, 1731601502, 1731601505, 1731601508, 1731601511, 1731601514, 1731601517, 1731601520, 1731601523, 1731601526, 1731601529, 1731601532, 1731601535, 1731601538, 1731601541, 1731601544, 1731601547, 1731601550, 1731601553, 1731601556, 1731601559, 1731601562, 1731601565, 1731601568, 1731601571, 1731601574, 1731601577, 1731601580, 1731601583, 1731601586, 1731601589, 1731601592, 1731601595, 1731601598, 1731601601, 1731601604, 1731601607, 1731601610, 1731601613, 1731601616, 1731601619, 1731601622, 1731601625, 1731601628, 1731601631, 1731601634, 1731601637, 1731601640, 1731601643, 1731601646, 1731601649, 1731601652, 1731601655, 1731601658, 1731601661, 1731601664, 1731601667, 1731601670, 1731601673, 1731601676, 1731601679, 1731601682, 1731601685, 1731601688, 1731601691, 1731601694, 1731601697, 1731601700, 1731601703], "values": [33.281166666666756, 33.952055555555695, 32.23044444444451, 29.934499999999794, 26.434333333333296, 28.743388888888553, 31.325888888889395, 32.34188888888861, 36.32977777777705, 41.61461111111163, 46.46422222222221, 47.59483333333386, 49.67322222222154, 53.097111111111495, 55.82288888888919, 58.13283333333271, 61.33155555555601, 61.26755555555509, 61.12616666666711, 61.28905555555523, 62.163222222221926, 63.265500000000536, 64.69783333333261, 68.105611111111, 70.43149999999959, 73.19594444444455, 76.1783333333337, 78.81883333333342, 81.17972222222227, 83.73366666666698, 85.8055000000006, 86.44338888888888, 86.30833333333351, 86.14027777777746, 87.00466666666682, 87.42811111111143, 87.38455555555508, 87.09116666666685, 86.06572222222167, 84.98611111111111, 82.95811111111107, 81.59055555555501, 80.48538888888936, 79.83811111111088, 79.85522222222224, 79.89916666666655, 79.89749999999994, 79.87666666666661, 79.73699999999938, 79.02150000000015, 78.55205555555585, 78.24394444444464, 77.85083333333347, 77.27466666666685, 76.15555555555572, 72.84422222222202, 67.11655555555545, 61.7647222222222, 57.41000000000026, 53.16838888888904, 48.942444444444845, 48.09672222222273, 46.26222222222229, 43.096111111110886, 39.684444444444026, 38.4562222222222, 37.41716666666616, 34.37538888888796, 34.76427777777766, 33.222833333334066]}