{"query": "sum( rate( kepler_vm_core_joules_total{ job=\"metal\", vm_id=~\".*my-vm\", }[20s] ) )", "metric": {}, "timestamps": [1731601496, 1731601499, 1731601502, 1731601505, 1731601508, 1731601511, 1731601514, 1731601517, 1731601520, 1731601523, 1731601526, 1731601529, 1731601532, 1731601535, 1731601538, 1731601541, 1731601544, 1731601547, 1731601550, 1731601553, 1731601556, 1731601559, 1731601562, 1731601565, 1731601568, 1731601571, 1731601574, 1731601577, 1731601580, 1731601583, 1731601586, 1731601589, 1731601592, 1731601595, 1731601598, 1731601601, 1731601604, 1731601607, 1731601610, 1731601613, 1731601616, 1731601619, 1731601622, 1731601625, 1731601628, 1731601631, 1731601634, 1731601637, 1731601640, 1731601643, 1731601646, 1731601649, 1731601652, 1731601655, 1731601658, 1731601661, 1731601664, 1731601667, 1731601670, 1731601673, 1731601676, 1731601679, 1731601682, 1731601685, 1731601688, 1731601691, 1731601694, 1731601697, 1731601700, 1731601703], "values": [14.473833333333056, 9.781333333333249, 6.144166666666732, 2.1444999999997285, 2.4226666666662724, 8.282499999999548, 15.450833333333625, 21.794999999999874, 28.8743333333332, 35.12650000000011, 41.518166666666936, 43.25216666666691, 45.56933333333291, 49.172666666667084, 51.94233333333331, 55.762666666666824, 58.97049999999985, 59.13866666666662, 55.723500000000065, 55.914666666666264, 56.80883333333299, 57.706666666666734, 59.13900000000043, 62.55249999999958, 68.23916666666709, 71.02749999999975, 73.92750000000039, 76.78016666666696, 79.36166666666638, 81.94933333333353, 84.04133333333287, 84.69916666666703, 84.63233333333322, 84.50566666666661, 85.3646666666666, 85.8035000000002, 85.58333333333334, 85.32016666666621, 84.34383333333325, 83.27216666666614, 81.23349999999968, 79.7441666666669, 78.58116666666724, 77.92150000000079, 77.92216666666678, 77.96133333333354, 77.97483333333366, 78.05516666666679, 78.15066666666665, 77.38099999999962, 76.89100000000003, 76.56499999999991, 76.15633333333325, 75.57399999999971, 74.43483333333279, 71.14366666666643, 65.1778333333334, 59.732499999999874, 53.558499999999995, 47.67083333333318, 43.424333333333685, 42.28516666666676, 40.55183333333278, 37.39833333333324, 35.53233333333305, 35.20066666666632, 32.95233333333292, 30.11483333333389, 30.528166666667353, 28.208166666666838]}