{"query": "sum( rate( kepler_vm_bpf_cpu_time_ms_total{ vm_id=~\".*my-vm\", job=\"metal\" }[20s] ) )", "metric": {}, "timestamps": [1731601496, 1731601499, 1731601502, 1731601505, 1731601508, 1731601511, 1731601514, 1731601517, 1731601520, 1731601523, 1731601526, 1731601529, 1731601532, 1731601535, 1731601538, 1731601541, 1731601544, 1731601547, 1731601550, 1731601553, 1731601556, 1731601559, 1731601562, 1731601565, 1731601568, 1731601571, 1731601574, 1731601577, 1731601580, 1731601583, 1731601586, 1731601589, 1731601592, 1731601595, 1731601598, 1731601601, 1731601604, 1731601607, 1731601610, 1731601613, 1731601616, 1731601619, 1731601622, 1731601625, 1731601628, 1731601631, 1731601634, 1731601637, 1731601640, 1731601643, 1731601646, 1731601649, 1731601652, 1731601655, 1731601658, 1731601661, 1731601664, 1731601667, 1731601670, 1731601673, 1731601676, 1731601679, 1731601682, 1731601685, 1731601688, 1731601691, 1731601694, 1731601697, 1731601700, 1731601703], "values": [584.9444444444445, 391.8888888888889, 303.77777777777777, 66.27777777777779, 59.111111111111114, 444.22222222222223, 893.7222222222223, 1279.0555555555557, 1752.6111111111113, 2158.666666666667, 2570.166666666667, 2725.777777777778, 3164.277777777778, 3697.388888888889, 4155.166666666667, 4701.222222222223, 5230.5, 5351.611111111111, 5163.166666666667, 5395.444444444445, 5643.88888888889, 5867.222222222223, 6106.38888888889, 6618.833333333334, 7092.555555555556, 7476.444444444445, 8160.166666666667, 8907.27777777778, 9650.611111111111, 10263.27777777778, 11110.222222222223, 11476.611111111111, 10936.944444444445, 11080.833333333334, 11967.166666666668, 12762.833333333334, 12236.555555555557, 12749.222222222223, 14072.166666666668, 14593.88888888889, 13105.111111111111, 13650.77777777778, 14440.111111111111, 13777.000000000002, 12900.555555555557, 12141.0, 12740.27777777778, 11532.444444444445, 10978.77777777778, 10644.88888888889, 10242.666666666668, 9786.77777777778, 9211.444444444445, 8623.77777777778, 8068.055555555557, 7561.38888888889, 6783.333333333334, 5990.277777777778, 5238.777777777778, 4499.88888888889, 3905.666666666667, 3568.5555555555557, 3292.888888888889, 2953.944444444445, 2597.166666666667, 2356.722222222222, 2079.277777777778, 1722.6111111111113, 1673.2777777777778, 1451.3333333333335]}