{"query": "sum( rate( node_rapl_package_joules_total[20s] ) )", "metric": {}, "timestamps": [1731601496, 1731601499, 1731601502, 1731601505, 1731601508, 1731601511, 1731601514, 1731601517, 1731601520, 1731601523, 1731601526, 1731601529, 1731601532, 1731601535, 1731601538, 1731601541, 1731601544, 1731601547, 1731601550, 1731601553, 1731601556, 1731601559, 1731601562, 1731601565, 1731601568, 1731601571, 1731601574, 1731601577, 1731601580, 1731601583, 1731601586, 1731601589, 1731601592, 1731601595, 1731601598, 1731601601, 1731601604, 1731601607, 1731601610, 1731601613, 1731601616, 1731601619, 1731601622, 1731601625, 1731601628, 1731601631, 1731601634, 1731601637, 1731601640, 1731601643, 1731601646, 1731601649, 1731601652, 1731601655, 1731601658, 1731601661, 1731601664, 1731601667, 1731601670, 1731601673, 1731601676, 1731601679, 1731601682, 1731601685, 1731601688, 1731601691, 1731601694, 1731601697, 1731601700, 1731601703], "values": [33.524755444443954, 32.38755472222208, 30.759571611111625, 27.735033055555608, 26.678100111111743, 30.716870833333818, 32.262551722221865, 35.42970533333331, 39.75367561111084, 45.046756277779224, 48.131614388888316, 48.80882144444493, 52.080517833332934, 54.975580833333275, 57.6754640555559, 60.31485144444418, 61.66256866666664, 61.69604633333317, 61.0604176666675, 62.02093222222175, 62.56197366666554, 64.44560188888863, 66.8963198888895, 69.21618905555484, 72.21523872222234, 75.30226355555513, 78.31450355555636, 80.33422966666694, 83.01477838888889, 85.30940955555707, 86.57878838888914, 86.27559361111102, 86.16092238888895, 86.20500666666582, 87.3403526111118, 87.36088744444392, 87.37216538888849, 86.39210266666649, 85.29868100000022, 84.13249538888988, 81.93541166666546, 80.8425190555556, 79.82860555555575, 79.85118516666667, 79.8820281666655, 79.89540499999971, 79.89608661111238, 79.92246044444458, 79.26429972222185, 78.63956916666778, 78.32415722222262, 77.80205711111033, 77.70092544444358, 76.37431616666598, 74.75313844444463, 68.79161938888784, 63.378513444444664, 58.07461599999968, 54.382218944444, 50.078766555556086, 47.13002322222262, 47.4222283333333, 44.023741888889674, 41.34528194444526, 38.03017605555619, 38.262902499999555, 35.56012355555463, 34.25594461111177, 33.81108422222153, 31.60990438888904]}