{"query": "sum( rate( kepler_node_package_joules_total{ job=\"vm\", }[20s] ) )", "metric": {}, "timestamps": [1731601496, 1731601499, 1731601502, 1731601505, 1731601508, 1731601511, 1731601514, 1731601517, 1731601520, 1731601523, 1731601526, 1731601529, 1731601532, 1731601535, 1731601538, 1731601541, 1731601544, 1731601547, 1731601550, 1731601553, 1731601556, 1731601559, 1731601562, 1731601565, 1731601568, 1731601571, 1731601574, 1731601577, 1731601580, 1731601583, 1731601586, 1731601589, 1731601592, 1731601595, 1731601598, 1731601601, 1731601604, 1731601607, 1731601610, 1731601613, 1731601616, 1731601619, 1731601622, 1731601625, 1731601628, 1731601631, 1731601634, 1731601637, 1731601640, 1731601643, 1731601646, 1731601649, 1731601652, 1731601655, 1731601658, 1731601661, 1731601664, 1731601667, 1731601670, 1731601673, 1731601676, 1731601679, 1731601682, 1731601685, 1731601688, 1731601691, 1731601694, 1731601697, 1731601700, 1731601703], "values": [29.904833333333336, 29.149500000000003, 28.400999999999993, 27.608666666666664, 27.576833333333337, 27.53783333333333, 29.18366666666667, 30.92583333333334, 32.731333333333346, 34.54816666666668, 36.430166666666665, 38.331833333333336, 38.679, 40.50333333333333, 42.17250000000001, 43.93983333333333, 45.61649999999999, 47.18383333333335, 47.968, 49.21683333333333, 51.97416666666666, 54.686, 57.41116666666669, 60.29733333333333, 63.780833333333355, 65.38466666666667, 69.21133333333331, 73.51800000000001, 77.9565, 82.28716666666666, 86.36366666666663, 90.54366666666668, 90.75283333333336, 92.08483333333334, 92.51866666666669, 93.16300000000001, 94.16883333333338, 95.43966666666665, 96.44916666666667, 96.31683333333336, 96.78833333333331, 97.07833333333333, 97.88116666666662, 95.91483333333332, 94.62649999999996, 92.76166666666663, 91.86283333333338, 90.8083333333333, 89.27050000000004, 88.19466666666672, 85.19466666666672, 82.56650000000002, 78.9411666666666, 75.66033333333336, 71.46933333333335, 68.9381666666667, 65.62833333333332, 61.12883333333331, 56.84183333333335, 52.48883333333339, 48.88016666666661, 45.31733333333331, 44.34366666666665, 42.52683333333334, 40.614666666666686, 38.59049999999995, 37.64216666666673, 35.74216666666669, 33.737833333333384, 33.201833333333326]}