{"query": "sum( rate( kepler_process_bpf_cpu_time_ms_total{ job=\"vm\", }[20s] ) )", "metric": {}, "timestamps": [1731601496, 1731601499, 1731601502, 1731601505, 1731601508, 1731601511, 1731601514, 1731601517, 1731601520, 1731601523, 1731601526, 1731601529, 1731601532, 1731601535, 1731601538, 1731601541, 1731601544, 1731601547, 1731601550, 1731601553, 1731601556, 1731601559, 1731601562, 1731601565, 1731601568, 1731601571, 1731601574, 1731601577, 1731601580, 1731601583, 1731601586, 1731601589, 1731601592, 1731601595, 1731601598, 1731601601, 1731601604, 1731601607, 1731601610, 1731601613, 1731601616, 1731601619, 1731601622, 1731601625, 1731601628, 1731601631, 1731601634, 1731601637, 1731601640, 1731601643, 1731601646, 1731601649, 1731601652, 1731601655, 1731601658, 1731601661, 1731601664, 1731601667, 1731601670, 1731601673, 1731601676, 1731601679, 1731601682, 1731601685, 1731601688, 1731601691, 1731601694, 1731601697, 1731601700, 1731601703], "values": [1486.616527777778, 1316.79925, 1143.2356944444446, 995.588388888889, 1004.5657083333333, 998.222263888889, 957.5322638888889, 1529.9041111111112, 1787.5684583333334, 2038.9605138888887, 2310.2240722222223, 2697.1485055555554, 2673.3880972222223, 3346.621113888889, 3580.4708819444445, 3842.7080416666668, 4076.8782569444447, 4275.529552777778, 4356.555555555556, 3914.1122944444446, 5371.139834722222, 5754.6374375000005, 6128.416763888888, 6517.379680555556, 7011.657661111111, 7215.538138888889, 6373.706527777778, 8605.910858333333, 9245.895944444444, 9853.88575, 10377.329375, 11282.475866666666, 11128.500000000002, 12456.95771111111, 12466.333006944444, 12538.501472222222, 12655.080958333334, 12760.61095, 12284.112777777778, 12293.222222222223, 12370.611111111111, 12418.222222222223, 12287.555555555557, 12995.983311111111, 12804.518520833333, 12509.710444444443, 12380.184319444445, 12206.826811111112, 11132.333333333334, 10394.666666666668, 10941.835555555555, 10547.690958333333, 9969.99061111111, 9413.417590277777, 8558.390222222222, 7798.88888888889, 6784.944444444445, 6564.237861111111, 5896.264701388889, 5199.831499999999, 4581.840590277778, 3970.288161111111, 3718.5, 3557.034055555556, 3281.667375, 2980.8865555555553, 2855.2111875, 2564.219788888889, 2018.111111111111, 1924.2222222222224]}