{"query": "sum( rate( kepler_node_platform_joules_total{ job=\"vm\", }[20s] ) )", "metric": {}, "timestamps": [1731601496, 1731601499, 1731601502, 1731601505, 1731601508, 1731601511, 1731601514, 1731601517, 1731601520, 1731601523, 1731601526, 1731601529, 1731601532, 1731601535, 1731601538, 1731601541, 1731601544, 1731601547, 1731601550, 1731601553, 1731601556, 1731601559, 1731601562, 1731601565, 1731601568, 1731601571, 1731601574, 1731601577, 1731601580, 1731601583, 1731601586, 1731601589, 1731601592, 1731601595, 1731601598, 1731601601, 1731601604, 1731601607, 1731601610, 1731601613, 1731601616, 1731601619, 1731601622, 1731601625, 1731601628, 1731601631, 1731601634, 1731601637, 1731601640, 1731601643, 1731601646, 1731601649, 1731601652, 1731601655, 1731601658, 1731601661, 1731601664, 1731601667, 1731601670, 1731601673, 1731601676, 1731601679, 1731601682, 1731601685, 1731601688, 1731601691, 1731601694, 1731601697, 1731601700, 1731601703], "values": [84.8515, 83.00166666666667, 81.16833333333334, 79.22816666666668, 79.15016666666666, 79.05483333333335, 83.08516666666667, 87.35166666666667, 91.7731666666667, 96.22183333333331, 100.83050000000001, 105.48733333333337, 106.33750000000002, 110.80449999999999, 114.89183333333334, 119.21966666666671, 123.32533333333333, 127.16316666666667, 129.0835, 132.14149999999998, 138.89333333333335, 145.5341666666666, 152.2073333333334, 159.275, 167.8053333333333, 171.7328333333334, 181.10366666666667, 191.64950000000005, 202.51849999999993, 213.12316666666672, 223.1055000000001, 233.34150000000005, 233.85366666666667, 237.1156666666667, 238.1781666666668, 239.75616666666673, 242.21916666666667, 245.33116666666663, 247.8033333333333, 247.4793333333334, 248.63383333333334, 249.34416666666667, 251.30999999999992, 246.4948333333333, 243.33966666666677, 238.77316666666655, 236.57199999999992, 233.9894999999999, 230.2236666666668, 227.58916666666667, 220.2431666666667, 213.8070000000001, 204.9293333333333, 196.89550000000014, 186.63300000000004, 180.43466666666671, 172.32950000000005, 161.31133333333332, 150.8135, 140.15400000000005, 131.31700000000012, 122.59266666666676, 120.20833333333314, 115.75950000000013, 111.07716666666683, 106.12033333333319, 103.79816666666659, 99.14566666666644, 94.23783333333348, 92.92516666666658]}