{"query": "sum( rate( kepler_node_package_joules_total{ job=\"metal\", }[20s] ) )", "metric": {}, "timestamps": [1731600432, 1731600435, 1731600438, 1731600441, 1731600444, 1731600447, 1731600450, 1731600453, 1731600456, 1731600459, 1731600462, 1731600465, 1731600468, 1731600471, 1731600474, 1731600477, 1731600480, 1731600483, 1731600486, 1731600489, 1731600492, 1731600495, 1731600498, 1731600501, 1731600504, 1731600507, 1731600510, 1731600513, 1731600516, 1731600519, 1731600522, 1731600525, 1731600528, 1731600531, 1731600534, 1731600537, 1731600540, 1731600543, 1731600546, 1731600549, 1731600552, 1731600555, 1731600558, 1731600561, 1731600564, 1731600567, 1731600570, 1731600573, 1731600576, 1731600579, 1731600582, 1731600585, 1731600588, 1731600591, 1731600594, 1731600597, 1731600600, 1731600603, 1731600606, 1731600609, 1731600612, 1731600615, 1731600618, 1731600621, 1731600624, 1731600627, 1731600630, 1731600633, 1731600636], "values": [34.17000000000019, 35.01453333333338, 31.90753333333317, 28.3367333333333, 24.771199999999954, 24.14479999999991, 22.970266666666916, 24.863866666667064, 28.035466666666615, 31.332400000000295, 31.534600000000015, 31.33179999999993, 33.386866666666656, 35.984933333333174, 39.39793333333316, 42.666333333333505, 45.86466666666674, 47.74779999999979, 48.56126666666678, 51.491133333333224, 55.7899999999999, 59.90040000000008, 63.98813333333334, 68.67560000000036, 70.20086666666708, 71.09819999999988, 73.93440000000021, 76.96419999999974, 79.6145333333329, 82.39700000000012, 84.73926666666618, 85.08199999999972, 85.17140000000072, 85.19546666666672, 85.21679999999954, 85.21740000000088, 86.1093333333333, 86.83546666666614, 86.9310666666667, 87.12073333333343, 87.29586666666631, 85.3484666666666, 83.31913333333311, 82.31059999999998, 81.08299999999969, 79.83766666666682, 79.98679999999973, 80.0418000000005, 79.33666666666686, 76.38206666666665, 74.19479999999942, 72.60806666666662, 71.40666666666608, 70.6345333333331, 71.92100000000015, 69.28593333333362, 64.12680000000012, 59.2139333333335, 54.31346666666698, 49.53600000000054, 47.80533333333345, 47.7675999999997, 44.107666666667015, 39.74366666666659, 36.021466666666676, 32.620933333333234, 29.59860000000044, 29.996933333333192, 30.898000000000078]}