{"query": "sum( rate( kepler_vm_platform_joules_total{ job=\"metal\", vm_id=~\".*my-vm\", }[20s] ) )", "metric": {}, "timestamps": [1731600432, 1731600435, 1731600438, 1731600441, 1731600444, 1731600447, 1731600450, 1731600453, 1731600456, 1731600459, 1731600462, 1731600465, 1731600468, 1731600471, 1731600474, 1731600477, 1731600480, 1731600483, 1731600486, 1731600489, 1731600492, 1731600495, 1731600498, 1731600501, 1731600504, 1731600507, 1731600510, 1731600513, 1731600516, 1731600519, 1731600522, 1731600525, 1731600528, 1731600531, 1731600534, 1731600537, 1731600540, 1731600543, 1731600546, 1731600549, 1731600552, 1731600555, 1731600558, 1731600561, 1731600564, 1731600567, 1731600570, 1731600573, 1731600576, 1731600579, 1731600582, 1731600585, 1731600588, 1731600591, 1731600594, 1731600597, 1731600600, 1731600603, 1731600606, 1731600609, 1731600612, 1731600615, 1731600618, 1731600621, 1731600624, 1731600627, 1731600630, 1731600633, 1731600636], "values": [231210.40799999237, 259612.77079995474, 468321.0670000076, 790077.5714000067, 1078859.5082000096, 1419959.2436000188, 1882395.8296000164, 2406502.6245999653, 2815516.99179999, 3326862.998600006, 3787601.7508000056, 4101002.645600001, 4113041.2238000236, 4171868.2280000052, 4186491.992599996, 4202466.242000008, 4195362.098399988, 4196881.228199959, 4198338.880000051, 4211836.307400004, 4216113.998199971, 4245647.837800026, 4254830.9978, 4259109.487599945, 4259038.9887999855, 4261529.43440005, 4267422.405200005, 4269474.987400055, 4271673.174199995, 4260914.466800054, 4261801.214399974, 4261667.834000016, 4259847.701599947, 4260898.460600026, 4275144.244399961, 4268691.894400025, 4262747.143799973, 4252140.935200055, 4252060.243400002, 4249075.889599991, 4256641.314999962, 4263925.6711999895, 4277750.767999967, 4276893.487999979, 4276155.5584000265, 4275257.6100000385, 4133782.485400009, 4131821.618600019, 4131718.9148000083, 4118083.941200002, 4116014.4809999466, 4250535.498000017, 4249071.995999972, 4247065.963799985, 4260832.8964000065, 4257844.492000008, 4231341.0047999695, 4203230.583799998, 4197673.5810000105, 4184193.0346000036, 4181241.8601999916, 4205777.8862000145, 4218490.439000002, 4196521.5504000345, 4187834.9687999724, 4170884.545600001, 4135125.4893999733, 4127811.47020003, 4132071.9995999653]}