{"query": "sum( rate( kepler_vm_package_joules_total{ job=\"metal\", vm_id=~\".*my-vm\", }[20s] ) )", "metric": {}, "timestamps": [1731600432, 1731600435, 1731600438, 1731600441, 1731600444, 1731600447, 1731600450, 1731600453, 1731600456, 1731600459, 1731600462, 1731600465, 1731600468, 1731600471, 1731600474, 1731600477, 1731600480, 1731600483, 1731600486, 1731600489, 1731600492, 1731600495, 1731600498, 1731600501, 1731600504, 1731600507, 1731600510, 1731600513, 1731600516, 1731600519, 1731600522, 1731600525, 1731600528, 1731600531, 1731600534, 1731600537, 1731600540, 1731600543, 1731600546, 1731600549, 1731600552, 1731600555, 1731600558, 1731600561, 1731600564, 1731600567, 1731600570, 1731600573, 1731600576, 1731600579, 1731600582, 1731600585, 1731600588, 1731600591, 1731600594, 1731600597, 1731600600, 1731600603, 1731600606, 1731600609, 1731600612, 1731600615, 1731600618, 1731600621, 1731600624, 1731600627, 1731600630, 1731600633, 1731600636], "values": [1.8603999999996934, 2.1434000000003532, 2.7735999999999574, 3.7104000000001784, 4.631999999999728, 7.0046000000002095, 10.549199999999837, 14.845600000000074, 19.24959999999992, 24.230400000000373, 27.659600000000015, 29.91399999999994, 32.01180000000022, 35.00539999999989, 38.449199999999834, 41.78840000000006, 44.78580000000026, 46.64959999999992, 47.46820000000007, 50.53120000000005, 54.83979999999962, 59.236399999999655, 63.40040000000008, 68.10180000000013, 69.61539999999998, 70.5474000000002, 73.46520000000018, 76.51399999999994, 79.18859999999987, 81.73880000000014, 84.08479999999982, 84.42319999999988, 84.47599999999996, 84.52079999999987, 84.82379999999975, 84.69640000000024, 85.4601999999999, 85.96140000000014, 86.05500000000029, 86.18440000000021, 86.50900000000013, 84.71980000000039, 82.98339999999978, 81.9624000000001, 80.72899999999984, 79.47139999999975, 76.96959999999963, 76.98840000000006, 76.28479999999982, 73.1447999999999, 70.93440000000021, 71.88580000000026, 70.66599999999987, 69.86319999999978, 71.34919999999984, 68.69379999999995, 63.30520000000009, 58.10919999999993, 53.18020000000009, 48.287200000000304, 46.54239999999991, 46.77219999999991, 43.34780000000028, 38.904399999999924, 35.20819999999997, 31.736199999999855, 28.493399999999866, 28.82659999999984, 29.72380000000024]}