{"query": "sum( rate( kepler_vm_bpf_cpu_time_ms_total{ vm_id=~\".*my-vm\", job=\"metal\" }[20s] ) )", "metric": {}, "timestamps": [1731600432, 1731600435, 1731600438, 1731600441, 1731600444, 1731600447, 1731600450, 1731600453, 1731600456, 1731600459, 1731600462, 1731600465, 1731600468, 1731600471, 1731600474, 1731600477, 1731600480, 1731600483, 1731600486, 1731600489, 1731600492, 1731600495, 1731600498, 1731600501, 1731600504, 1731600507, 1731600510, 1731600513, 1731600516, 1731600519, 1731600522, 1731600525, 1731600528, 1731600531, 1731600534, 1731600537, 1731600540, 1731600543, 1731600546, 1731600549, 1731600552, 1731600555, 1731600558, 1731600561, 1731600564, 1731600567, 1731600570, 1731600573, 1731600576, 1731600579, 1731600582, 1731600585, 1731600588, 1731600591, 1731600594, 1731600597, 1731600600, 1731600603, 1731600606, 1731600609, 1731600612, 1731600615, 1731600618, 1731600621, 1731600624, 1731600627, 1731600630, 1731600633, 1731600636], "values": [63.13333333333333, 81.46666666666667, 78.2, 75.93333333333334, 75.73333333333333, 245.93333333333334, 511.26666666666665, 783.9333333333333, 1060.0, 1334.9333333333334, 1454.6666666666667, 1452.4666666666667, 1826.9333333333334, 2241.866666666667, 2675.4666666666667, 3095.4666666666667, 3523.3333333333335, 3562.0666666666666, 3654.733333333333, 4360.533333333333, 5059.533333333333, 5762.133333333333, 6476.266666666666, 7111.333333333333, 7104.0, 7403.0, 8126.466666666666, 8834.066666666666, 9533.466666666667, 10251.733333333334, 10660.733333333334, 10646.6, 9995.533333333333, 10727.866666666667, 12078.533333333333, 10764.6, 12891.2, 13823.333333333334, 14419.733333333334, 12522.466666666667, 14691.466666666667, 13392.733333333334, 14291.199999999999, 12965.8, 13506.8, 12652.533333333333, 11840.466666666667, 10634.466666666667, 10567.066666666666, 9854.866666666667, 9139.066666666666, 8412.066666666666, 7718.666666666667, 7075.2, 7087.933333333333, 6805.666666666667, 6108.6, 5399.933333333333, 4693.933333333333, 3979.2666666666664, 3565.7999999999997, 3562.133333333333, 3253.9333333333334, 2838.733333333333, 2419.0, 1992.8, 1559.5333333333333, 1452.3333333333333, 1431.8666666666666]}