{"query": "sum( rate( kepler_vm_core_joules_total{ job=\"metal\", vm_id=~\".*my-vm\", }[20s] ) )", "metric": {}, "timestamps": [1731600432, 1731600435, 1731600438, 1731600441, 1731600444, 1731600447, 1731600450, 1731600453, 1731600456, 1731600459, 1731600462, 1731600465, 1731600468, 1731600471, 1731600474, 1731600477, 1731600480, 1731600483, 1731600486, 1731600489, 1731600492, 1731600495, 1731600498, 1731600501, 1731600504, 1731600507, 1731600510, 1731600513, 1731600516, 1731600519, 1731600522, 1731600525, 1731600528, 1731600531, 1731600534, 1731600537, 1731600540, 1731600543, 1731600546, 1731600549, 1731600552, 1731600555, 1731600558, 1731600561, 1731600564, 1731600567, 1731600570, 1731600573, 1731600576, 1731600579, 1731600582, 1731600585, 1731600588, 1731600591, 1731600594, 1731600597, 1731600600, 1731600603, 1731600606, 1731600609, 1731600612, 1731600615, 1731600618, 1731600621, 1731600624, 1731600627, 1731600630, 1731600633, 1731600636], "values": [1.7932000000000698, 2.0679999999997865, 2.630599999999686, 3.46080000000026, 4.288200000000264, 6.540800000000066, 9.932600000000093, 14.080600000000171, 18.37239999999971, 23.214400000000023, 26.529399999999924, 28.71299999999998, 30.80620000000005, 33.79479999999991, 37.239400000000025, 40.58319999999997, 43.585399999999694, 45.46059999999998, 46.27820000000017, 49.339999999999904, 53.64560000000007, 58.037200000000304, 62.199999999999996, 66.90299999999988, 68.41960000000012, 69.34819999999988, 72.26399999999994, 75.31059999999998, 77.98840000000006, 80.52959999999972, 82.88120000000005, 83.21760000000019, 83.2724000000002, 83.31580000000007, 83.62359999999995, 83.49379999999995, 84.26239999999962, 84.76219999999982, 84.85399999999984, 84.98120000000004, 85.30940000000021, 83.51740000000039, 81.77640000000004, 80.75780000000037, 79.52839999999996, 78.26699999999983, 75.75299999999989, 75.77580000000016, 75.06459999999981, 71.92160000000004, 69.71600000000035, 70.67799999999988, 69.46179999999974, 68.66179999999973, 70.15020000000028, 67.48439999999974, 62.10420000000013, 56.911400000000135, 51.987600000000384, 47.09779999999979, 45.361199999999855, 45.58479999999982, 42.13940000000002, 37.67939999999992, 33.973799999999756, 30.49860000000044, 27.262000000000018, 27.615399999999983, 28.523799999999756]}