{"query": "sum( rate( node_rapl_package_joules_total[20s] ) )", "metric": {}, "timestamps": [1731600432, 1731600435, 1731600438, 1731600441, 1731600444, 1731600447, 1731600450, 1731600453, 1731600456, 1731600459, 1731600462, 1731600465, 1731600468, 1731600471, 1731600474, 1731600477, 1731600480, 1731600483, 1731600486, 1731600489, 1731600492, 1731600495, 1731600498, 1731600501, 1731600504, 1731600507, 1731600510, 1731600513, 1731600516, 1731600519, 1731600522, 1731600525, 1731600528, 1731600531, 1731600534, 1731600537, 1731600540, 1731600543, 1731600546, 1731600549, 1731600552, 1731600555, 1731600558, 1731600561, 1731600564, 1731600567, 1731600570, 1731600573, 1731600576, 1731600579, 1731600582, 1731600585, 1731600588, 1731600591, 1731600594, 1731600597, 1731600600, 1731600603, 1731600606, 1731600609, 1731600612, 1731600615, 1731600618, 1731600621, 1731600624, 1731600627, 1731600630, 1731600633, 1731600636], "values": [34.45114811111125, 33.829994888888905, 30.127248999999818, 27.065570611111376, 24.71204749999985, 26.041318611110913, 24.751893166666076, 25.146809944444815, 27.860202222222547, 30.516133499999544, 32.658261944444455, 31.873297555555638, 34.43280372222216, 37.34995799999969, 40.075557277777186, 42.67090111111126, 45.76268666666713, 47.675791444444464, 50.05271133333332, 53.458603333333386, 56.92749027777771, 60.52513394444476, 64.14074561111111, 67.97861966666663, 70.24759916666679, 72.39388477777781, 74.95879588888945, 77.80171122222156, 79.84922183333322, 82.18806266666718, 84.39414905555573, 85.06595794444488, 85.20558227777737, 85.10589516666693, 85.2046226666668, 85.22661899999933, 86.55021377777788, 86.6626639999999, 86.74236555555561, 86.85819300000003, 86.31675155555584, 85.0777207222224, 83.24011283333353, 82.21445016666662, 81.18009338888886, 80.16850491420927, 79.8400835555553, 80.17485711111092, 77.54447583333321, 75.48082822222204, 74.29245644444423, 73.12390606414361, 72.141155777778, 70.78862022222246, 70.60979783333299, 66.55747055555548, 62.73669650000052, 58.7021032777775, 54.430436555554884, 50.343305777777765, 47.23554938888912, 46.29531538888922, 42.297743277777855, 38.86198477777766, 35.75769383333358, 33.07946783333318, 30.75240672222248, 29.975756722221885, 29.09397049999987]}