{"query": "sum( rate( kepler_process_bpf_cpu_time_ms_total{ job=\"vm\", }[20s] ) )", "metric": {}, "timestamps": [1731600432, 1731600435, 1731600438, 1731600441, 1731600444, 1731600447, 1731600450, 1731600453, 1731600456, 1731600459, 1731600462, 1731600465, 1731600468, 1731600471, 1731600474, 1731600477, 1731600480, 1731600483, 1731600486, 1731600489, 1731600492, 1731600495, 1731600498, 1731600501, 1731600504, 1731600507, 1731600510, 1731600513, 1731600516, 1731600519, 1731600522, 1731600525, 1731600528, 1731600531, 1731600534, 1731600537, 1731600540, 1731600543, 1731600546, 1731600549, 1731600552, 1731600555, 1731600558, 1731600561, 1731600564, 1731600567, 1731600570, 1731600573, 1731600576, 1731600579, 1731600582, 1731600585, 1731600588, 1731600591, 1731600594, 1731600597, 1731600600, 1731600603, 1731600606, 1731600609, 1731600612, 1731600615, 1731600618, 1731600621, 1731600624, 1731600627, 1731600630, 1731600633, 1731600636], "values": [1002.0929777777777, 1002.895875, 998.9769666666666, 1005.9698, 1006.6162166666667, 996.4017, 1395.4945166666666, 1505.6116666666667, 1607.80225, 1724.3750833333334, 1842.1824833333333, 1864.6, 1674.0666666666666, 2576.7980625, 2833.6365555555553, 3078.0724166666664, 3278.5404791666665, 3735.035066666667, 3757.0666666666666, 3073.4666666666667, 4866.9004875, 5324.710183333333, 5730.032974999999, 5936.794891666666, 7239.784766666667, 6832.466666666666, 8763.0604375, 9244.160708333333, 9710.313125, 10052.084416666667, 9942.005333333334, 10738.533333333333, 9466.4, 11823.974854166667, 11755.663597222221, 11883.729416666665, 11411.445916666667, 11981.370516666666, 12143.666666666666, 12077.8, 11854.0, 11900.866666666667, 10571.0, 11884.147833333333, 11725.038555555555, 11415.88, 10609.573395833333, 10473.28785, 10762.333333333332, 8812.266666666666, 9119.755979166666, 8417.828375, 7582.880249999999, 6151.518979166666, 7225.666666666667, 6923.733333333334, 6605.7445625, 6061.25811111111, 5493.984291666667, 4797.9630625, 3514.036016666667, 3759.4666666666667, 3422.7999999999997, 3252.7280833333334, 2943.1517083333333, 2589.635583333333, 2109.2998541666666, 1823.9267333333332, 1803.0]}