{"query": "sum( rate( kepler_node_package_joules_total{ job=\"vm\", }[20s] ) )", "metric": {}, "timestamps": [1731600432, 1731600435, 1731600438, 1731600441, 1731600444, 1731600447, 1731600450, 1731600453, 1731600456, 1731600459, 1731600462, 1731600465, 1731600468, 1731600471, 1731600474, 1731600477, 1731600480, 1731600483, 1731600486, 1731600489, 1731600492, 1731600495, 1731600498, 1731600501, 1731600504, 1731600507, 1731600510, 1731600513, 1731600516, 1731600519, 1731600522, 1731600525, 1731600528, 1731600531, 1731600534, 1731600537, 1731600540, 1731600543, 1731600546, 1731600549, 1731600552, 1731600555, 1731600558, 1731600561, 1731600564, 1731600567, 1731600570, 1731600573, 1731600576, 1731600579, 1731600582, 1731600585, 1731600588, 1731600591, 1731600594, 1731600597, 1731600600, 1731600603, 1731600606, 1731600609, 1731600612, 1731600615, 1731600618, 1731600621, 1731600624, 1731600627, 1731600630, 1731600633, 1731600636], "values": [27.5336, 27.546599999999998, 27.5478, 27.5926, 27.596799999999998, 28.19900000000001, 29.456200000000006, 30.5076, 31.517999999999997, 32.61900000000001, 33.04659999999999, 32.7872, 34.55020000000001, 36.8736, 39.120200000000004, 41.41439999999999, 43.8044, 44.3256, 44.3158, 48.37459999999998, 52.6878, 56.875, 61.068199999999976, 65.35079999999998, 65.53240000000002, 66.42140000000002, 70.6064, 74.81500000000003, 79.10500000000002, 83.41319999999996, 86.76479999999998, 86.84599999999998, 87.70099999999996, 90.28460000000001, 91.50620000000005, 94.03479999999999, 95.42580000000004, 96.55880000000003, 95.40599999999995, 95.00459999999997, 93.64120000000003, 93.9268, 93.29899999999998, 91.72040000000003, 90.92279999999998, 89.7756, 88.16159999999994, 86.9262, 86.99099999999999, 82.93640000000002, 78.58259999999997, 74.16239999999998, 69.84679999999996, 65.63040000000001, 65.44600000000003, 64.58379999999997, 60.559400000000096, 56.3362000000001, 52.10440000000005, 47.76080000000002, 44.44900000000004, 44.33040000000001, 43.223599999999955, 41.108999999999895, 38.79319999999995, 36.377000000000045, 33.95339999999997, 32.70620000000005, 32.4118000000001]}