{"query": "sum( rate( kepler_node_core_joules_total{ job=\"vm\", }[20s] ) )", "metric": {}, "timestamps": [1731600432, 1731600435, 1731600438, 1731600441, 1731600444, 1731600447, 1731600450, 1731600453, 1731600456, 1731600459, 1731600462, 1731600465, 1731600468, 1731600471, 1731600474, 1731600477, 1731600480, 1731600483, 1731600486, 1731600489, 1731600492, 1731600495, 1731600498, 1731600501, 1731600504, 1731600507, 1731600510, 1731600513, 1731600516, 1731600519, 1731600522, 1731600525, 1731600528, 1731600531, 1731600534, 1731600537, 1731600540, 1731600543, 1731600546, 1731600549, 1731600552, 1731600555, 1731600558, 1731600561, 1731600564, 1731600567, 1731600570, 1731600573, 1731600576, 1731600579, 1731600582, 1731600585, 1731600588, 1731600591, 1731600594, 1731600597, 1731600600, 1731600603, 1731600606, 1731600609, 1731600612, 1731600615, 1731600618, 1731600621, 1731600624, 1731600627, 1731600630, 1731600633, 1731600636], "values": [25.940600000000003, 25.953800000000008, 25.955000000000002, 26.0, 26.004199999999997, 26.611000000000004, 27.877799999999993, 28.9372, 29.955199999999998, 31.064399999999992, 31.495399999999986, 31.233999999999998, 33.01040000000001, 35.351600000000005, 37.615400000000015, 39.927000000000014, 42.335199999999986, 42.860199999999985, 42.85039999999999, 46.93999999999999, 51.28579999999999, 55.504600000000025, 59.729800000000004, 64.0448, 64.22779999999999, 65.1234, 69.34040000000002, 73.58099999999997, 77.90339999999999, 82.2442, 85.6214, 85.70319999999998, 86.5646, 89.16800000000003, 90.39899999999997, 92.94680000000001, 94.34839999999997, 95.49000000000002, 94.32839999999996, 93.92400000000004, 92.55020000000005, 92.8378, 92.20520000000003, 90.61460000000007, 89.81099999999999, 88.65499999999993, 87.02880000000005, 85.78400000000002, 85.8494, 81.76380000000002, 77.37719999999996, 72.92339999999992, 68.57519999999992, 64.3268, 64.14099999999999, 63.27220000000003, 59.217400000000026, 54.96200000000002, 50.69799999999996, 46.32160000000003, 42.984600000000015, 42.86500000000002, 41.74979999999996, 39.61920000000003, 37.285799999999895, 34.85140000000004, 32.40939999999998, 31.152800000000084, 30.85600000000001]}