{"query": "sum( rate( kepler_node_package_joules_total{ job=\"metal\", }[20s] ) )", "metric": {}, "timestamps": [1731600694, 1731600697, 1731600700, 1731600703, 1731600706, 1731600709, 1731600712, 1731600715, 1731600718, 1731600721, 1731600724, 1731600727, 1731600730, 1731600733, 1731600736, 1731600739, 1731600742, 1731600745, 1731600748, 1731600751, 1731600754, 1731600757, 1731600760, 1731600763, 1731600766, 1731600769, 1731600772, 1731600775, 1731600778, 1731600781, 1731600784, 1731600787, 1731600790, 1731600793, 1731600796, 1731600799, 1731600802, 1731600805, 1731600808, 1731600811, 1731600814, 1731600817, 1731600820, 1731600823, 1731600826, 1731600829, 1731600832, 1731600835, 1731600838, 1731600841, 1731600844, 1731600847, 1731600850, 1731600853, 1731600856, 1731600859, 1731600862, 1731600865, 1731600868, 1731600871, 1731600874, 1731600877, 1731600880, 1731600883, 1731600886, 1731600889, 1731600892, 1731600895, 1731600898], "values": [34.665888888889135, 34.83016666666663, 31.719388888888517, 28.741333333333994, 25.6415555555561, 22.159222222222727, 20.372055555555562, 20.770166666666533, 23.319500000000215, 26.61511111111112, 29.215444444444277, 31.089611111110976, 34.2509999999998, 37.28949999999976, 39.82233333333312, 41.697222222221576, 43.689999999999905, 45.809666666666295, 48.27327777777747, 51.25188888888887, 54.89550000000034, 58.87205555555557, 62.9779444444446, 66.66716666666697, 69.11750000000029, 72.25461111111186, 75.21249999999985, 77.84100000000035, 80.27344444444397, 82.76266666666683, 84.64100000000003, 85.17049999999938, 85.64000000000023, 86.0840555555559, 86.67588888888875, 87.40905555555543, 88.11611111111092, 88.59955555555564, 88.63705555555579, 87.3103333333331, 85.98522222222286, 84.10833333333318, 82.85461111111121, 81.36888888888886, 79.92849999999939, 79.8486111111108, 79.75027777777723, 80.13511111111116, 78.07811111111127, 76.2902777777781, 74.02583333333395, 72.19544444444425, 70.2668888888891, 68.90983333333376, 68.3348888888884, 63.67011111111061, 60.46994444444378, 56.95561111111117, 53.534777777778, 49.61577777777711, 46.53622222222233, 45.841055555556125, 42.051444444444826, 38.96072222222251, 36.09911111111109, 33.16500000000007, 30.59744444444449, 29.679888888888755, 29.31911111111145]}