{"query": "sum( rate( kepler_vm_bpf_cpu_time_ms_total{ vm_id=~\".*my-vm\", job=\"metal\" }[20s] ) )", "metric": {}, "timestamps": [1731600694, 1731600697, 1731600700, 1731600703, 1731600706, 1731600709, 1731600712, 1731600715, 1731600718, 1731600721, 1731600724, 1731600727, 1731600730, 1731600733, 1731600736, 1731600739, 1731600742, 1731600745, 1731600748, 1731600751, 1731600754, 1731600757, 1731600760, 1731600763, 1731600766, 1731600769, 1731600772, 1731600775, 1731600778, 1731600781, 1731600784, 1731600787, 1731600790, 1731600793, 1731600796, 1731600799, 1731600802, 1731600805, 1731600808, 1731600811, 1731600814, 1731600817, 1731600820, 1731600823, 1731600826, 1731600829, 1731600832, 1731600835, 1731600838, 1731600841, 1731600844, 1731600847, 1731600850, 1731600853, 1731600856, 1731600859, 1731600862, 1731600865, 1731600868, 1731600871, 1731600874, 1731600877, 1731600880, 1731600883, 1731600886, 1731600889, 1731600892, 1731600895, 1731600898], "values": [357.1666666666667, 347.44444444444446, 150.7777777777778, 129.38888888888889, 212.2777777777778, 402.0, 648.7222222222223, 808.7777777777778, 1039.5555555555557, 1279.4444444444446, 1444.1666666666667, 1675.7777777777778, 2028.7222222222224, 2377.3333333333335, 2734.388888888889, 3079.0, 3418.777777777778, 3570.0000000000005, 4045.5555555555557, 4644.833333333334, 5225.0, 5818.5, 6410.277777777778, 7001.222222222223, 7190.277777777778, 7764.500000000001, 8361.555555555557, 8955.555555555557, 9551.111111111111, 10137.555555555557, 10635.88888888889, 9982.333333333334, 10159.77777777778, 11210.88888888889, 12153.555555555557, 11315.722222222223, 12054.77777777778, 13725.333333333334, 14644.555555555557, 12612.27777777778, 13229.666666666668, 14888.333333333334, 14144.722222222223, 13140.77777777778, 12046.833333333334, 13026.27777777778, 11460.055555555557, 10633.722222222223, 10167.27777777778, 9568.555555555557, 8985.611111111111, 8387.111111111111, 7806.88888888889, 7215.111111111111, 7032.833333333334, 6454.333333333334, 5848.38888888889, 5262.111111111111, 4663.055555555556, 4080.2777777777783, 3557.777777777778, 3415.1111111111113, 3041.888888888889, 2693.8333333333335, 2340.5555555555557, 1993.888888888889, 1635.2222222222224, 1413.5, 1273.2777777777778]}