{"query": "sum( rate( kepler_vm_core_joules_total{ job=\"metal\", vm_id=~\".*my-vm\", }[20s] ) )", "metric": {}, "timestamps": [1731600694, 1731600697, 1731600700, 1731600703, 1731600706, 1731600709, 1731600712, 1731600715, 1731600718, 1731600721, 1731600724, 1731600727, 1731600730, 1731600733, 1731600736, 1731600739, 1731600742, 1731600745, 1731600748, 1731600751, 1731600754, 1731600757, 1731600760, 1731600763, 1731600766, 1731600769, 1731600772, 1731600775, 1731600778, 1731600781, 1731600784, 1731600787, 1731600790, 1731600793, 1731600796, 1731600799, 1731600802, 1731600805, 1731600808, 1731600811, 1731600814, 1731600817, 1731600820, 1731600823, 1731600826, 1731600829, 1731600832, 1731600835, 1731600838, 1731600841, 1731600844, 1731600847, 1731600850, 1731600853, 1731600856, 1731600859, 1731600862, 1731600865, 1731600868, 1731600871, 1731600874, 1731600877, 1731600880, 1731600883, 1731600886, 1731600889, 1731600892, 1731600895, 1731600898], "values": [9.401499999999942, 8.61366666666638, 4.735000000000178, 4.888000000000224, 7.303000000000289, 10.507666666666612, 14.241833333333085, 16.302666666666887, 19.347833333333256, 22.75666666666641, 24.726833333333264, 26.63183333333331, 29.83433333333354, 32.937000000000104, 36.059499999999794, 38.902166666666744, 41.70433333333333, 43.85499999999997, 46.35699999999997, 49.38149999999991, 53.057166666666795, 56.97950000000007, 61.10549999999987, 64.73183333333348, 67.17349999999998, 70.32566666666672, 73.29016666666656, 76.11733333333339, 78.41749999999998, 80.95316666666663, 82.78049999999996, 83.2458333333331, 83.71833333333376, 84.1815, 84.94299999999971, 85.66316666666616, 86.45249999999983, 87.01966666666704, 87.03633333333306, 85.6181666666663, 82.94816666666723, 81.07016666666702, 79.804166666667, 78.30033333333267, 76.88499999999962, 76.82450000000003, 78.05516666666679, 78.51166666666703, 76.24149999999969, 74.28366666666666, 72.00300000000021, 70.20500000000014, 68.2568333333329, 66.82383333333323, 66.4416666666665, 61.90783333333336, 58.63949999999993, 55.098833333333864, 51.645333333333035, 47.75400000000001, 44.56666666666732, 43.620500000000504, 39.80449999999999, 36.65966666666645, 33.73350000000048, 30.709333333333134, 28.14799999999943, 27.39816666666674, 26.1241666666667]}