{"query": "sum( rate( node_rapl_package_joules_total[20s] ) )", "metric": {}, "timestamps": [1731600694, 1731600697, 1731600700, 1731600703, 1731600706, 1731600709, 1731600712, 1731600715, 1731600718, 1731600721, 1731600724, 1731600727, 1731600730, 1731600733, 1731600736, 1731600739, 1731600742, 1731600745, 1731600748, 1731600751, 1731600754, 1731600757, 1731600760, 1731600763, 1731600766, 1731600769, 1731600772, 1731600775, 1731600778, 1731600781, 1731600784, 1731600787, 1731600790, 1731600793, 1731600796, 1731600799, 1731600802, 1731600805, 1731600808, 1731600811, 1731600814, 1731600817, 1731600820, 1731600823, 1731600826, 1731600829, 1731600832, 1731600835, 1731600838, 1731600841, 1731600844, 1731600847, 1731600850, 1731600853, 1731600856, 1731600859, 1731600862, 1731600865, 1731600868, 1731600871, 1731600874, 1731600877, 1731600880, 1731600883, 1731600886, 1731600889, 1731600892, 1731600895, 1731600898], "values": [36.557499199999924, 36.03678113333299, 32.76461746666755, 28.254200133333992, 22.586725999999906, 20.418136200000298, 18.928520066667502, 21.03803206666586, 23.754439533333063, 27.456334333333263, 29.831901999999534, 31.488123333332865, 34.51466586666744, 37.92625786666661, 40.4495709333336, 42.34112286666738, 44.98145633333382, 46.07373053333334, 47.85802366666612, 51.261343399999895, 55.3902715999992, 60.15001686666607, 64.77142433333307, 67.77330873333364, 69.68731753333316, 72.26112686666698, 75.32960046666655, 78.42599959999983, 81.52602419999991, 83.93258540000049, 85.00658579999968, 84.9557110666666, 85.48828213333327, 86.11972173333342, 86.90906299999915, 87.6503249333337, 88.52017946666747, 88.64563893333349, 88.67999353333337, 87.58765013333371, 85.83827306666645, 83.7645519999991, 82.1938976666667, 80.48026273333332, 79.8581085333329, 79.84502266666678, 80.07784266666664, 79.87241513333284, 78.193448133333, 76.40114720000031, 73.66518006666641, 71.2843146000009, 69.02226800000062, 68.78146453333417, 68.8842108666664, 64.51172446666752, 60.008773799999226, 55.92954026666606, 51.3671617999993, 46.786847200000196, 47.51534059999976, 46.75819733333386, 42.41063766666727, 38.33054553333398, 34.66549146666657, 31.18329419999985, 29.148965133332723, 30.23344719999974, 29.759392466666757]}