{"query": "sum( rate( kepler_process_bpf_cpu_time_ms_total{ job=\"vm\", }[20s] ) )", "metric": {}, "timestamps": [1731600694, 1731600697, 1731600700, 1731600703, 1731600706, 1731600709, 1731600712, 1731600715, 1731600718, 1731600721, 1731600724, 1731600727, 1731600730, 1731600733, 1731600736, 1731600739, 1731600742, 1731600745, 1731600748, 1731600751, 1731600754, 1731600757, 1731600760, 1731600763, 1731600766, 1731600769, 1731600772, 1731600775, 1731600778, 1731600781, 1731600784, 1731600787, 1731600790, 1731600793, 1731600796, 1731600799, 1731600802, 1731600805, 1731600808, 1731600811, 1731600814, 1731600817, 1731600820, 1731600823, 1731600826, 1731600829, 1731600832, 1731600835, 1731600838, 1731600841, 1731600844, 1731600847, 1731600850, 1731600853, 1731600856, 1731600859, 1731600862, 1731600865, 1731600868, 1731600871, 1731600874, 1731600877, 1731600880, 1731600883, 1731600886, 1731600889, 1731600892, 1731600895, 1731600898], "values": [1042.6914194444446, 1061.5868333333333, 998.599638888889, 993.7238333333333, 983.5700694444445, 1286.4172777777778, 1405.8252083333334, 1544.8596666666667, 1674.5511805555557, 1805.834822222222, 1914.9444444444446, 1697.4444444444446, 2433.216786111111, 2712.332861111111, 2972.1002361111114, 3224.553263888889, 3448.9529805555553, 3779.8334916666668, 4732.5165375, 5219.3396111111115, 5731.145680555555, 6238.870256944444, 6733.510572222222, 6859.516805555555, 6764.333333333334, 8513.762233333333, 9021.860958333333, 9507.42175, 9958.05129861111, 10296.018616666666, 10650.217722222222, 9462.111111111111, 11217.322655555556, 11411.549652777778, 11680.723111111112, 11963.988625, 11857.458005555554, 12658.500000000002, 12918.27777777778, 13083.500000000002, 13133.333333333334, 11581.166666666668, 12767.360822222223, 12521.825604166666, 12035.430611111111, 11451.260048611111, 10458.334483333332, 10713.111111111111, 10857.92471111111, 10328.10976388889, 9801.718583333333, 9279.5879375, 8749.459977777778, 6824.760875, 6865.38888888889, 6901.45455, 6367.204486111112, 5825.132638888889, 5246.3931180555555, 4562.7765, 3762.88775, 3443.388888888889, 3389.612627777778, 3103.6542083333334, 2805.85975, 2446.117909722222, 1973.1896055555555, 1836.8333333333335, 1687.6666666666667]}